key1,key2,data1,data2
a,one,0.550325363,0.036518218
a,two,0.400501269,0.119394941
b,one,0.642955961,0.927319679
b,two,0.194285664,0.895204048
a,one,0.043244955,0.016173357
